<?xml version="1.0"?>
<!DOCTYPE hibernate-mapping PUBLIC
        "-//Hibernate/Hibernate Mapping DTD 3.0//EN"
        "http://hibernate.sourceforge.net/hibernate-mapping-3.0.dtd">

<hibernate-mapping package="my.web.task.domain">
	<class name="Entry" table="entry">
		<id name="id" type="int" column="id">
			<generator class="native" />
		</id>
		<property name="c_when" type="timestamp" column="c_when"/>
		<property name="browser"  column="browser"/>
		<property name="ip"  column="ip"/>
	</class>
</hibernate-mapping>